DATE,Server Name,Data IN,Data OUT,Total
03-31-2017,vpc-prod-vertex21,281.12GiB,385.94GiB,667.06GiB
03-31-2017,vpc-prod-vertex23,295.66GiB,405.32GiB,700.98GiB
03-31-2017,vpc-prod-vertex24,283.12GiB,388.69GiB,671.81GiB
03-31-2017,vpc-prod-vertex25,296.05GiB,406.02GiB,702.07GiB
03-31-2017,vpc-prod-vertex26,287.30GiB,393.91GiB,681.21GiB
03-31-2017,vpc-prod-vertex28,289.81GiB,397.85GiB,687.65GiB
03-31-2017,vpc-prod-vertex29,270.82GiB,371.95GiB,642.78GiB
03-31-2017,vpc-prod-vertex31,301.82GiB,413.80GiB,715.62GiB
03-31-2017,vpc-prod-vertex32,294.63GiB,404.17GiB,698.79GiB
03-31-2017,vpc-prod-vertex33,277.64GiB,381.07GiB,658.71GiB
03-31-2017,vpc-prod-vertex34,301.72GiB,413.65GiB,715.37GiB
03-31-2017,vpc-prod-vertex35,292.78GiB,401.56GiB,694.34GiB
03-31-2017,vpc-prod-vertex36,286.85GiB,393.19GiB,680.04GiB
03-31-2017,vpc-prod-vertex38,276.34GiB,379.48GiB,655.82GiB
03-31-2017,vpc-prod-vertex39,295.64GiB,405.28GiB,700.92GiB
03-31-2017,vpc-prod-vertex40,298.45GiB,409.19GiB,707.64GiB
03-31-2017,vpc-prod-vertex41,281.84GiB,386.67GiB,668.52GiB
03-31-2017,vpc-prod-vertex42,284.62GiB,390.66GiB,675.28GiB
03-31-2017,vpc-prod-vertex43,298.01GiB,408.61GiB,706.62GiB
03-31-2017,vpc-prod-vertex44,291.07GiB,399.28GiB,690.35GiB
03-31-2017,vpc-prod-vertex45,273.90GiB,376.04GiB,649.94GiB
03-31-2017,vpc-prod-vertex46,293.44GiB,402.51GiB,695.95GiB
03-31-2017,vpc-prod-vertex47,278.15GiB,381.98GiB,660.13GiB
03-31-2017,vpc-prod-vertex49,302.22GiB,414.33GiB,716.55GiB
03-31-2017,vpc-prod-vertex50,292.26GiB,400.85GiB,693.11GiB
03-31-2017,vpc-prod-vertex52,285.52GiB,391.96GiB,677.48GiB
03-31-2017,vpc-prod-vertex53,295.85GiB,405.58GiB,701.43GiB
03-31-2017,vpc-prod-vertex55,287.59GiB,394.80GiB,682.39GiB
03-31-2017,vpc-prod-vertex01-usw,426.49GiB,839.93GiB,1.24TiB
03-31-2017,vpc-prod-vertex02-usw,425.35GiB,837.96GiB,1.23TiB
03-31-2017,vpc-prod-vertex03-usw,427.38GiB,841.68GiB,1.24TiB
03-31-2017,vpc-prod-vertex04-usw,425.66GiB,838.46GiB,1.23TiB
03-31-2017,vpc-prod-vertex05-usw,436.29GiB,840.09GiB,1.25TiB
03-31-2017,vpc-prod-vertex06-usw,434.14GiB,836.24GiB,1.24TiB
03-31-2017,vpc-prod-vertex07-usw,434.49GiB,836.60GiB,1.24TiB
03-31-2017,vpc-prod-vertex08-usw,434.28GiB,836.48GiB,1.24TiB
03-31-2017,vpc-prod-vertex09-usw,426.54GiB,839.88GiB,1.24TiB
03-31-2017,vpc-prod-vertex10-usw,427.18GiB,841.56GiB,1.24TiB
03-31-2017,vpc-prod-vertex11-usw,426.64GiB,840.10GiB,1.24TiB
03-31-2017,vpc-prod-vertex12-usw,425.46GiB,838.14GiB,1.23TiB
03-31-2017,vpc-prod-vertex13-usw,426.84GiB,840.61GiB,1.24TiB
03-31-2017,vpc-prod-vertex14-usw,426.55GiB,840.34GiB,1.24TiB
03-31-2017,vpc-prod-vertex15-usw,425.02GiB,837.07GiB,1.23TiB
03-31-2017,vpc-prod-vertex16-usw,427.94GiB,843.14GiB,1.24TiB
